model_name,clean_acc,attack_succ_rate,trigger_detect_rate
random_pruning,0.8756040530007794,0.3343725643024162,0.5920693686671863
auto_encoder_repaired,0.833904910366329,0.31995323460639125,0.0970381917381138
auto_encoder_badnet,0.9124707716289946,0.8230709275136399,0.0970381917381138
