model_name,clean_acc,attack_succ_rate,trigger_detect_rate
random_pruning_rule_based_repaired_model,0.8770849571317225,0.4544037412314887,0.47320732657833203
random_pruning_based_auto_encoder_repaired_model,0.8339828526890102,0.4264419329696025,0.0970381917381138
random_pruning_based_auto_encoder_bd_model,0.9124707716289946,0.8230709275136399,0.0970381917381138
fine_pruning_rule_based_repaired_model,0.8756040530007794,0.3343725643024162,0.5920693686671863
random_pruning_based_auto_encoder_repaired_model,0.833904910366329,0.31995323460639125,0.0970381917381138
random_pruning_based_auto_encoder_bd_model,0.833904910366329,0.31995323460639125,0.0970381917381138
